Product,Image URL (full resolution)
iPhone XR,https://cdn.shopify.com/s/files/1/0816/6781/7712/files/Black_3_de07f0ba-d841-4f42-b0a2-762f5bc7776a.webp?v=1780304416
iPhone XR,https://cdn.shopify.com/s/files/1/0816/6781/7712/files/Black_1_cec9d41b-7bd0-45f7-a5d1-47b67e77caa0.webp?v=1780304416
iPhone XR,https://cdn.shopify.com/s/files/1/0816/6781/7712/files/Black_c8ed27e7-c0c4-4fa1-85cc-2c524069561b.webp?v=1780304416
iPhone X,https://cdn.shopify.com/s/files/1/0816/6781/7712/files/SpaceGrey_1_bc96d053-d475-4949-8d1d-eaf43de2981c.webp?v=1780304007
iPhone X,https://cdn.shopify.com/s/files/1/0816/6781/7712/files/SpaceGrey_a1dd2756-b81d-447d-befc-3a34cfb4255e.webp?v=1780304007
iPhone X,https://cdn.shopify.com/s/files/1/0816/6781/7712/files/SpaceGrey_6.webp?v=1780304008
iPhone X,https://cdn.shopify.com/s/files/1/0816/6781/7712/files/SpaceGrey_5.webp?v=1780304007
iPhone 7,https://cdn.shopify.com/s/files/1/0816/6781/7712/files/Black_4cdd944e-1ebe-4fef-acc7-0b6499ec0497.webp?v=1780303684
iPhone 7,https://cdn.shopify.com/s/files/1/0816/6781/7712/files/Black_3_bd6d4b11-102b-43c8-8268-c5e565c2bb34.webp?v=1780303684
iPhone 7,https://cdn.shopify.com/s/files/1/0816/6781/7712/files/Black_1_6a051940-af0e-4840-b6f1-4f246f74eab1.webp?v=1780303684
iPhone 8,https://cdn.shopify.com/s/files/1/0816/6781/7712/files/red82.webp?v=1780303307
iPhone 8,https://cdn.shopify.com/s/files/1/0816/6781/7712/files/red8.webp?v=1780303307
Lenovo Thinkpad T470 Core i5 - 6th Gen,https://cdn.shopify.com/s/files/1/0816/6781/7712/files/PROMONET.png?v=1780247950
Lenovo Thinkpad T470 Core i5 - 6th Gen,https://cdn.shopify.com/s/files/1/0816/6781/7712/files/nefli_eb8f6db4-0123-443d-a982-512637cbec73.webp?v=1780247950
Lenovo Thinkpad T470 Core i5 - 6th Gen,https://cdn.shopify.com/s/files/1/0816/6781/7712/files/nefli3_9610a921-2227-4b30-b249-d715f1f2fa31.webp?v=1780247950
Apple Macbook Neo 13 A 18,https://cdn.shopify.com/s/files/1/0816/6781/7712/files/neo_eef5b3ea-b107-4a6a-b409-4b61854863ac.webp?v=1779003038
Apple Macbook Neo 13 A 18,https://cdn.shopify.com/s/files/1/0816/6781/7712/files/macpink.webp?v=1778943193
Apple Macbook Neo 13 A 18,https://cdn.shopify.com/s/files/1/0816/6781/7712/files/neo_3.webp?v=1779003038
Apple Macbook Neo 13 A 18,https://cdn.shopify.com/s/files/1/0816/6781/7712/files/neo2.jpg?v=1779003038
Himalayan crystal salt lamp,https://cdn.shopify.com/s/files/1/0816/6781/7712/files/images.jpg?v=1777307082
Himalayan crystal salt lamp,https://cdn.shopify.com/s/files/1/0816/6781/7712/files/1d0b75_ec22c4191a9144aa80651261e2c9481f_mv2.avif?v=1777307737
Himalayan crystal salt lamp,https://cdn.shopify.com/s/files/1/0816/6781/7712/files/images_1.jpg?v=1777307082
iPhone 11,https://cdn.shopify.com/s/files/1/0816/6781/7712/files/donedeal.png?v=1777033166
iPhone 11,https://cdn.shopify.com/s/files/1/0816/6781/7712/files/11_2.webp?v=1777033197
iPhone 11,https://cdn.shopify.com/s/files/1/0816/6781/7712/files/11_3.webp?v=1777033196
iPhone 13,https://cdn.shopify.com/s/files/1/0816/6781/7712/files/MUGm.png?v=1776943792
iPhone 13,https://cdn.shopify.com/s/files/1/0816/6781/7712/files/MUG.webp?v=1776943253
Macbook Pro A1398 Intel Core I7 Late 2013 Model,https://cdn.shopify.com/s/files/1/0816/6781/7712/files/macmac.webp?v=1776521925
Macbook Pro A1398 Intel Core I7 Late 2013 Model,https://cdn.shopify.com/s/files/1/0816/6781/7712/files/MAC2_2beae4c0-e5ec-483c-bb3d-e9d1052a09a0.webp?v=1776521925
Apple Macbook Air | Intel Core I5 | 256Gb Storage,https://cdn.shopify.com/s/files/1/0816/6781/7712/files/Silver_10_b92838b0-eeb0-42ae-87d8-b7577e8f2226.webp?v=1776719442
Apple Macbook Air | Intel Core I5 | 256Gb Storage,https://cdn.shopify.com/s/files/1/0816/6781/7712/files/Silver_9_13d472d0-cd83-4ef7-8958-d01363ab1f5e.webp?v=1776719442
Apple Macbook Air | Intel Core I5 | 256Gb Storage,https://cdn.shopify.com/s/files/1/0816/6781/7712/files/Silver_11_6bcecc98-9c83-44f6-affb-a135477dda95.webp?v=1776719432
Apple Macbook Pro (13-Inch) Mid 2012,https://cdn.shopify.com/s/files/1/0816/6781/7712/files/mac_mac.webp?v=1778944481
Apple Macbook Pro (13-Inch) Mid 2012,https://cdn.shopify.com/s/files/1/0816/6781/7712/files/WhatsAppImage2026-03-18at19.54.33.jpg?v=1775601058
Apple Macbook Pro (13-Inch) Mid 2012,https://cdn.shopify.com/s/files/1/0816/6781/7712/files/bavuy.jpg?v=1775601058
Apple Macbook Pro (13-Inch) Mid 2012,https://cdn.shopify.com/s/files/1/0816/6781/7712/files/bavuu.jpg?v=1775601088
HP Elitebook 830 G7 Core-i5 10th Gen,https://cdn.shopify.com/s/files/1/0816/6781/7712/files/Untitled_design.png?v=1776940564
HP Elitebook 830 G7 Core-i5 10th Gen,https://cdn.shopify.com/s/files/1/0816/6781/7712/files/05_2212865c-31ea-4e6d-a5c5-e467475d9e67.webp?v=1775573025
HP Elitebook 830 G7 Core-i5 10th Gen,https://cdn.shopify.com/s/files/1/0816/6781/7712/files/06_a475551a-006c-4804-8719-87da56a534a2.webp?v=1775573025
Dell Latitude 5480 Core i5 - 6th Gen,https://cdn.shopify.com/s/files/1/0816/6781/7712/files/Untitled_design.png_2.png?v=1776941011
Dell Latitude 5480 Core i5 - 6th Gen,https://cdn.shopify.com/s/files/1/0816/6781/7712/files/delli5.webp?v=1775572740
Dell Latitude 5480 Core i5 - 6th Gen,https://cdn.shopify.com/s/files/1/0816/6781/7712/files/Frame_15_3_c8c396c9-6755-40f4-9557-cfbff0aec7f5.webp?v=1775572740
Lenovo Thinkpad T450 Core i5 - 5th Gen,https://cdn.shopify.com/s/files/1/0816/6781/7712/files/i5_done.png?v=1776941555
Lenovo Thinkpad T450 Core i5 - 5th Gen,https://cdn.shopify.com/s/files/1/0816/6781/7712/files/Lenovo_11_60a31e9c-1d56-4525-8171-e6944d6cd49a.webp?v=1775571707
Macbook Air M1 Apple Laptop,https://cdn.shopify.com/s/files/1/0816/6781/7712/files/mac_done.png?v=1776941773
Macbook Air M1 Apple Laptop,https://cdn.shopify.com/s/files/1/0816/6781/7712/files/BBRH286744-3242416-1_1.webp?v=1775570656
Macbook Air M1 Apple Laptop,https://cdn.shopify.com/s/files/1/0816/6781/7712/files/BBRH286744-3242418-1_1.webp?v=1775570656
HP Elitebook 640 G4 Core-i5 8th Gen,https://cdn.shopify.com/s/files/1/0816/6781/7712/files/Frame_15_73_63432ffd-9f8f-4ea3-b0b6-b114187b2ba2.webp?v=1775567833
HP Elitebook 640 G4 Core-i5 8th Gen,https://cdn.shopify.com/s/files/1/0816/6781/7712/files/Frame2_1_0052baf3-6bfb-45fe-b7e4-edff5891360d.webp?v=1775567833
HP Elitebook 640 G4 Core-i5 8th Gen,https://cdn.shopify.com/s/files/1/0816/6781/7712/files/HPElitebook640G4Core-i58thGen_1_5ae37ffe-c328-4910-9d76-1aee342c8537.webp?v=1775567833
Hp Notebook Laptop,https://cdn.shopify.com/s/files/1/0816/6781/7712/files/BCTR055006-2886805-1.webp?v=1775567619
Dell Laptop T9kb76t,https://cdn.shopify.com/s/files/1/0816/6781/7712/files/CAMNT046123-3248538-1-scaled.jpg?v=1775567091
Dell Laptop T9kb76t,https://cdn.shopify.com/s/files/1/0816/6781/7712/files/CAMNT046123-3248539-1-scaled.jpg?v=1775567091
HP Elitebook 1040 G1 Core i5 - 4th Gen,https://cdn.shopify.com/s/files/1/0816/6781/7712/files/Frame_15_58_ea1b5f41-7ddb-4e14-ad50-539cdfe51377.webp?v=1775566639
HP Elitebook 1040 G1 Core i5 - 4th Gen,https://cdn.shopify.com/s/files/1/0816/6781/7712/files/hp2.5_8fdab3c7-e5ee-4ad0-b1d0-1bc13625c472.webp?v=1775566640
HP Elitebook 1040 G1 Core i5 - 4th Gen,https://cdn.shopify.com/s/files/1/0816/6781/7712/files/hpidealpad.webp?v=1775566640
Acer Chromebook-R11 Convertible-2-In-1 Touch-Celeron 6th-gen,https://cdn.shopify.com/s/files/1/0816/6781/7712/files/AcerLaptops_1_78be7e76-9c30-48f1-8bf5-00baecb82180.webp?v=1775566250
Acer Chromebook-R11 Convertible-2-In-1 Touch-Celeron 6th-gen,https://cdn.shopify.com/s/files/1/0816/6781/7712/files/AcerLaptops_2_f75076cd-98dc-4f9c-8708-ea77abbd8b3a.webp?v=1775566249
iPhone 14 128 GB,https://cdn.shopify.com/s/files/1/0816/6781/7712/files/Blue_1_60eed0cb-07ac-4698-824d-b9f0a9db59b9.webp?v=1775565899
iPhone 14 128 GB,https://cdn.shopify.com/s/files/1/0816/6781/7712/files/Blue_b2b3cdd8-9293-4d58-96a0-580aee640099.webp?v=1775565899
iPhone 11 64 GB,https://cdn.shopify.com/s/files/1/0816/6781/7712/files/black_3_513360e6-3bba-40ab-94d7-2ec5ba0e7a22.webp?v=1775565582
iPhone 11 64 GB,https://cdn.shopify.com/s/files/1/0816/6781/7712/files/black_5.webp?v=1775565582
iPhone 11 64 GB,https://cdn.shopify.com/s/files/1/0816/6781/7712/files/Black_26622544-7fb2-4fc5-92f6-953485ac0d6a.webp?v=1775565582
iPhone 12 64 GB,https://cdn.shopify.com/s/files/1/0816/6781/7712/files/Black_1_b6c9b236-cb9c-4d33-98f0-39412dd918c9.webp?v=1775565238
iPhone 12 64 GB,https://cdn.shopify.com/s/files/1/0816/6781/7712/files/Black_c1997ada-364e-4c1e-9736-c7c6dd25020b.webp?v=1775565237
IPhone 13 128 GB,https://cdn.shopify.com/s/files/1/0816/6781/7712/files/Bllue.webp?v=1775564920
IPhone 13 128 GB,https://cdn.shopify.com/s/files/1/0816/6781/7712/files/Bllue_1.webp?v=1775564920
Wireless Noise Cancelling Bluetooth Headset with Microphone,https://cdn.shopify.com/s/files/1/0816/6781/7712/files/369d20ec-92a4-49df-adec-b0b9c365b9d8.jpg?v=1775564386
Wireless Noise Cancelling Bluetooth Headset with Microphone,https://cdn.shopify.com/s/files/1/0816/6781/7712/files/da852697-0419-4086-82ef-d976d6821081.jpg?v=1775564386
Wireless Noise Cancelling Bluetooth Headset with Microphone,https://cdn.shopify.com/s/files/1/0816/6781/7712/files/e39429b7-3fb9-4b5a-ad13-70893de592b8.jpg?v=1775564386
Wireless Noise Cancelling Bluetooth Headset with Microphone,https://cdn.shopify.com/s/files/1/0816/6781/7712/files/d36c9b8d-0f50-4891-b531-fcf0dabe15fc.jpg?v=1775564386
Wireless Noise Cancelling Bluetooth Headset with Microphone,https://cdn.shopify.com/s/files/1/0816/6781/7712/files/a66277ba-c497-4add-ac0a-4a3ac6809ec1.jpg?v=1775564386
Wireless Noise Cancelling Bluetooth Headset with Microphone,https://cdn.shopify.com/s/files/1/0816/6781/7712/files/b2ba15cb-dac9-4ae9-b182-019d56c4da84.jpg?v=1775564386
Wireless Noise Cancelling Bluetooth Headset with Microphone,https://cdn.shopify.com/s/files/1/0816/6781/7712/files/1969dc43-1692-471f-a9ca-6755bd0b386a.jpg?v=1775564386
Bluetooth earphones,https://cdn.shopify.com/s/files/1/0816/6781/7712/files/ffdce3a5-b214-4d92-951f-a5d0d3e9e17e.jpg?v=1775564275
Bluetooth earphones,https://cdn.shopify.com/s/files/1/0816/6781/7712/files/68fc9094-162f-40b3-b0fa-0d690c52e22e.jpg?v=1775564275
Bluetooth earphones,https://cdn.shopify.com/s/files/1/0816/6781/7712/files/b28cdfd2-f778-4fb6-b0f8-8b7cfbab70dd.jpg?v=1775564275
Bluetooth earphones,https://cdn.shopify.com/s/files/1/0816/6781/7712/files/8d924901-aeb6-4e72-8473-7421d23fae30.jpg?v=1775564275
Bluetooth earphones,https://cdn.shopify.com/s/files/1/0816/6781/7712/files/1244dabf-3476-497d-8b2f-0472b99f4485.jpg?v=1775564275
Bluetooth earphones,https://cdn.shopify.com/s/files/1/0816/6781/7712/files/7c915762-109a-42c7-af1d-fab1898ed4b5.jpg?v=1775564275
Bluetooth earphones,https://cdn.shopify.com/s/files/1/0816/6781/7712/files/824f564e-413e-4239-adc5-2c9e0a5c8882.jpg?v=1775564275
Bluetooth earphones,https://cdn.shopify.com/s/files/1/0816/6781/7712/files/e15fa33d-faf5-4961-97d2-8bede83011a9.jpg?v=1775564275
Wireless Sports Bluetooth Headphones,https://cdn.shopify.com/s/files/1/0816/6781/7712/files/941a0be0-e240-4bc8-9d98-887ea0c1d496.jpg?v=1775564054
Wireless Sports Bluetooth Headphones,https://cdn.shopify.com/s/files/1/0816/6781/7712/files/422af9d9-450c-452c-a66a-e53d549dd6a0.jpg?v=1775564054
Wireless Sports Bluetooth Headphones,https://cdn.shopify.com/s/files/1/0816/6781/7712/files/3975bbb3-54e0-41c6-ad09-a632cc7ed8ab.jpg?v=1775564054
Wireless Sports Bluetooth Headphones,https://cdn.shopify.com/s/files/1/0816/6781/7712/files/5e1707de-e09f-4015-9a56-abc500d4177a.jpg?v=1775564055
Wireless Sports Bluetooth Headphones,https://cdn.shopify.com/s/files/1/0816/6781/7712/files/492b9fbd-81a1-4153-b869-33512b933f35.jpg?v=1775564054
Wireless Sports Bluetooth Headphones,https://cdn.shopify.com/s/files/1/0816/6781/7712/files/ff62c569-285f-47e1-8e9c-857602910bae.jpg?v=1775564054
Wireless Sports Bluetooth Headphones,https://cdn.shopify.com/s/files/1/0816/6781/7712/files/c558b4d8-4aec-456d-bea6-422892d3fc38.jpg?v=1775564054
Indoor Hydroponic Plant Growing Machine,https://cdn.shopify.com/s/files/1/0816/6781/7712/files/ed7815a2-3708-49b3-9688-0bbdc37a3b2c.jpg?v=1775563927
Indoor Hydroponic Plant Growing Machine,https://cdn.shopify.com/s/files/1/0816/6781/7712/files/2c2e50c6-908a-47cd-9f76-98f6a51d5b64.jpg?v=1775563927
Indoor Hydroponic Plant Growing Machine,https://cdn.shopify.com/s/files/1/0816/6781/7712/files/c37ec000-26fb-4cdd-928a-753b1ca6d46b.jpg?v=1775563927
Indoor Hydroponic Plant Growing Machine,https://cdn.shopify.com/s/files/1/0816/6781/7712/files/3b742941-e2ef-4e27-9cb4-25061ace9993.jpg?v=1775563927
Indoor Hydroponic Plant Growing Machine,https://cdn.shopify.com/s/files/1/0816/6781/7712/files/7848c65a-eaf6-4343-ae82-3de955ec6986.jpg?v=1775563927
Hp Laptop Charger Mode No Ppp012hs,https://cdn.shopify.com/s/files/1/0816/6781/7712/files/chager.webp?v=1775562799
Apple Macbook Air Laptop,https://cdn.shopify.com/s/files/1/0816/6781/7712/files/BAVU.jpg?v=1775560180
Apple Macbook Air Laptop,https://cdn.shopify.com/s/files/1/0816/6781/7712/files/bavuMAC.webp?v=1775560180
Apple Macbook Air Laptop,https://cdn.shopify.com/s/files/1/0816/6781/7712/files/BAVUMAC2.webp?v=1775560180
Macbook Air A1466 I5 Laptop,https://cdn.shopify.com/s/files/1/0816/6781/7712/files/CACPG075977-3237090-1.webp?v=1775559540
Macbook Air A1466 I5 Laptop,https://cdn.shopify.com/s/files/1/0816/6781/7712/files/CACPG075977-3237091-1.webp?v=1775559540
Macbook Air A1466 I5 Laptop,https://cdn.shopify.com/s/files/1/0816/6781/7712/files/CACPG075977-3237092-1.webp?v=1775559540
Macbook Air M1 Apple Laptop,https://cdn.shopify.com/s/files/1/0816/6781/7712/files/BBRH286744-3242415-1.webp?v=1775559214
Macbook Air M1 Apple Laptop,https://cdn.shopify.com/s/files/1/0816/6781/7712/files/BBRH286744-3242416-1.webp?v=1775559214
Macbook Air M1 Apple Laptop,https://cdn.shopify.com/s/files/1/0816/6781/7712/files/BBRH286744-3242417-1.webp?v=1775559214
Macbook Air M1 Apple Laptop,https://cdn.shopify.com/s/files/1/0816/6781/7712/files/BBRH286744-3242418-1.webp?v=1775559214
"Macbook Pro 15-Inch, 2017 Touchbar",https://cdn.shopify.com/s/files/1/0816/6781/7712/files/MACB1.webp?v=1775558654
"Macbook Pro 15-Inch, 2017 Touchbar",https://cdn.shopify.com/s/files/1/0816/6781/7712/files/MACB2.webp?v=1775558654
"Macbook Pro 15-Inch, 2017 Touchbar",https://cdn.shopify.com/s/files/1/0816/6781/7712/files/MACB3.webp?v=1775558654
Apple Macbook Pro,https://cdn.shopify.com/s/files/1/0816/6781/7712/files/MAC2.webp?v=1775558386
Apple Macbook Pro,https://cdn.shopify.com/s/files/1/0816/6781/7712/files/MAC4.webp?v=1775558386
Apple Macbook Pro,https://cdn.shopify.com/s/files/1/0816/6781/7712/files/MAC5.webp?v=1775558386
Macbook Air Computer,https://cdn.shopify.com/s/files/1/0816/6781/7712/files/imaq.webp?v=1775558082
Macbook Pro A1398 Intel Core I7 2013 Model Laptop,https://cdn.shopify.com/s/files/1/0816/6781/7712/files/MACBB.webp?v=1775557812
Macbook Pro A1398 Intel Core I7 2013 Model Laptop,https://cdn.shopify.com/s/files/1/0816/6781/7712/files/macbook1.webp?v=1775557811
Macbook Pro A1398 Intel Core I7 2013 Model Laptop,https://cdn.shopify.com/s/files/1/0816/6781/7712/files/maci53.webp?v=1775557811
Macbook Pro 2017 I5,https://cdn.shopify.com/s/files/1/0816/6781/7712/files/RI.webp?v=1775557544
Macbook Pro 2017 I5,https://cdn.shopify.com/s/files/1/0816/6781/7712/files/RIDGE.webp?v=1775557544
Macbook Pro 2017 I5,https://cdn.shopify.com/s/files/1/0816/6781/7712/files/RII.webp?v=1775557544
"Macbook Air (13-Inch,2017)",https://cdn.shopify.com/s/files/1/0816/6781/7712/files/CAVNV026618-3247134-1.webp?v=1775557245
"Macbook Air (13-Inch,2017)",https://cdn.shopify.com/s/files/1/0816/6781/7712/files/CAVNV026618-3247135-1.webp?v=1775557245
